file_hash,file_name
d0d626deb3f9484e649294a8dfa814c5568f846d5aa02d4cdad5d041a29d5600,CORE-2019.4.5220.20574-SolarWinds-Core-v2019.4.5220-Hotfix5.msp
019085a76ba7126fff22770d71bd901c325fc68ac55aa743327984e89f4b0134,SolarWinds.Orion.Core.BusinessLayer.dll
ce77d116a074dab7a22a0fd4f2c1ab475f16eec42e1ded3c0b0aa8211fe858d6,SolarWinds.Orion.Core.BusinessLayer.dll
32519b85c0b422e4656de6e6c41878e95fd95026267daab4215ee59c107d6c77,SolarWinds.Orion.Core.BusinessLayer.dll
dab758bf98d9b36fa057a66cd0284737abf89857b73ca89280267ee7caf62f3b,SolarWinds.Orion.Core.BusinessLayer.dll
eb6fab5a2964c5817fb239a7a5079cabca0a00464fb3e07155f28b0a57a2c0ed,SolarWinds.Orion.Core.BusinessLayer.dll
c09040d35630d75dfef0f804f320f8b3d16a481071076918e9b236a321c1ea77,SolarWinds.Orion.Core.BusinessLayer.dll
ac1b2b89e60707a20e9eb1ca480bc3410ead40643b386d624c5d21b47c02917c,SolarWinds.Orion.Core.BusinessLayer.dll
a25cadd48d70f6ea0c4a241d99c5241269e6faccb4054e62d16784640f8e53bc,SolarWinds.Orion.Core.BusinessLayer.dll
d3c6785e18fba3749fb785bc313cf8346182f532c59172b69adfb31b96a5d0af,SolarWinds.Orion.Core.BusinessLayer.dll
292327e5c94afa352cc5a02ca273df543f2020d0e76368ff96c84f4e90778712,OrionImprovementBusinessLayer.2.cs
c15abaf51e78ca56c0376522d699c978217bf041a3bd3c71d09193efa5717c71,app_web_logoimagehandler.ashx.b6031896.dll
53f8dfc65169ccda021b72a62e0c22a4db7c4077f002fa742717d41b3c40f2c7,
439bcd0a17d53837bc29fb51c0abd9d52a747227f97133f8ad794d9cc0ef191e,
f2d38a29f6727f4ade62d88d8a68de0d52a0695930b8c92437a2f9e4de92e418,astdrvx64.dll
be9dbbec6937dfe0a652c0603d4972ba354e83c06b8397d6555fd1847da36725,bproxy.dll
955609cf0b4ea38b409d523a0f675d8404fee55c458ad079b4031e02433fdbf3,cbs.dll
240ef5b8392b8c7a5a025c36a7e5b0e03e5bb0d0d1a28703bb22e6159a4fd10e,mc_store.exe
f2d38a29f6727f4ade62d88d8a68de0d52a0695930b8c92437a2f9e4de92e418,
955609cf0b4ea38b409d523a0f675d8404fee55c458ad079b4031e02433fdbf3,
be9dbbec6937dfe0a652c0603d4972ba354e83c06b8397d6555fd1847da36725,
